,SeasonLength,p_estimado,p_estimado_p
0,10,0.00041837331100406786,0.0005450712956626926
1,20,0.02084529394806985,0.021273298444911323
2,30,0.06073913918914406,0.05968358026604729
3,40,0.09031857291625532,0.08702574982735083
4,50,0.11518154934431085,0.10931586355261329
5,60,0.13783152316753802,0.12998654479572244
6,70,0.15780926422317246,0.14934481836272936
7,80,0.18370154236778735,0.1719175062563361
8,90,0.20092480328857043,0.18921374477231206
9,100,0.22336060422347,0.2112377098869394
